,roundType,avg_deal_size
0,Other,13670593.422805248
1,Seed,2943456.2632632633
2,Series A,16469942.151515152
3,Series B,43229711.075
4,Series C,86865800.32467532
5,Series D+,185024301.50943395
