,Funding Stage,Proportion
0,Seed,36.340487449981815
1,Other,36.049472535467444
2,Series A,15.60567479083303
3,Series B,7.275372862859221
4,Series C,2.8010185522008
5,Series D+,1.9279738086576939
